pc_time,esp_ms,solar_v,solar_mA,solar_mW,load_v,load_mA,load_mW
2026-10-02 20:35:26,1319,0.0,-1.2,0.0,13.92,146.2,2.04
2026-10-02 20:35:27,2319,0.0,0.0,0.0,13.92,142.5,1.83
2026-10-02 20:35:28,3319,0.0,0.0,0.0,13.92,137.5,1.92
2026-10-02 20:35:29,4319,0.0,1.2,0.0,13.91,120.0,1.66
2026-10-02 20:35:30,5319,0.0,0.0,0.0,13.92,141.2,1.97
2026-10-02 20:35:31,6319,0.0,1.2,0.0,13.92,145.0,2.02
2026-10-02 20:35:32,7319,0.0,0.0,0.0,13.92,132.5,1.84
2026-10-02 20:35:33,8319,0.0,0.0,0.0,13.92,131.2,1.69
2026-10-02 20:35:34,9319,0.0,0.0,0.0,13.92,133.8,1.75
2026-10-02 20:35:35,10319,0.0,0.0,0.0,13.92,148.8,2.07
2026-10-02 20:35:36,11319,0.0,0.0,0.0,13.92,146.2,2.04
2026-10-02 20:35:37,12319,0.0,0.0,0.0,13.92,131.2,1.83
2026-10-02 20:35:38,13319,0.0,0.0,0.0,13.92,131.2,1.83
2026-10-02 20:35:39,14319,0.0,1.2,0.0,13.92,132.5,1.88
2026-10-02 20:35:40,15319,0.0,0.0,0.0,13.92,132.5,1.75
2026-10-02 20:35:41,16319,0.0,0.0,0.0,13.91,132.5,1.84
2026-10-02 20:35:42,17319,0.0,0.0,0.0,13.92,132.5,1.84
2026-10-02 20:35:43,18319,0.0,0.0,0.0,13.91,127.5,1.78
2026-10-02 20:35:44,19319,0.0,1.2,0.0,13.92,131.2,1.83
2026-10-02 20:35:45,20319,0.0,-1.2,0.0,13.92,133.8,1.97
2026-10-02 20:35:46,21319,0.0,0.0,0.0,13.92,141.2,2.21
2026-10-02 20:35:47,22319,0.0,0.0,0.0,13.92,131.2,1.83
2026-10-02 20:35:48,23319,0.0,0.0,0.0,13.91,133.8,1.74
2026-10-02 20:35:49,24319,0.0,0.0,0.0,13.92,152.5,2.12
2026-10-02 20:35:50,25319,0.0,-1.2,0.0,13.92,136.2,2.04
2026-10-02 20:35:51,26319,0.0,-1.2,0.0,13.92,142.5,1.83
2026-10-02 20:35:52,27319,0.0,0.0,0.0,13.91,133.8,1.86
2026-10-02 20:35:53,28319,0.0,-1.2,0.0,13.92,138.8,1.93
2026-10-02 20:35:54,29319,0.0,-1.2,0.0,13.91,138.8,1.93
2026-10-02 20:35:55,30319,0.0,0.0,0.0,13.92,148.8,1.83
