pc_time,esp_ms,pressure_hPa
2026-10-02 20:35:26,1319,1165.537
2026-10-02 20:35:26,1389,1165.527
2026-10-02 20:35:26,1404,996.705
2026-10-02 20:35:26,1419,996.747
2026-10-02 20:35:26,1435,996.743
2026-10-02 20:35:26,1450,996.729
2026-10-02 20:35:26,1466,996.772
2026-10-02 20:35:26,1481,996.743
2026-10-02 20:35:26,1497,996.723
2026-10-02 20:35:26,1512,996.723
2026-10-02 20:35:26,1527,996.705
2026-10-02 20:35:26,1543,996.74
2026-10-02 20:35:26,1558,996.763
2026-10-02 20:35:26,1574,996.705
2026-10-02 20:35:26,1589,996.705
2026-10-02 20:35:26,1605,996.783
2026-10-02 20:35:26,1620,996.763
2026-10-02 20:35:26,1635,996.763
2026-10-02 20:35:26,1651,996.723
2026-10-02 20:35:26,1666,996.714
2026-10-02 20:35:26,1682,996.732
2026-10-02 20:35:26,1697,996.738
2026-10-02 20:35:26,1712,996.761
2026-10-02 20:35:26,1728,996.743
2026-10-02 20:35:26,1743,996.754
2026-10-02 20:35:26,1759,996.723
2026-10-02 20:35:26,1774,996.774
2026-10-02 20:35:26,1789,996.761
2026-10-02 20:35:26,1805,996.705
2026-10-02 20:35:26,1820,996.705
2026-10-02 20:35:26,1836,996.732
2026-10-02 20:35:26,1851,996.705
2026-10-02 20:35:26,1867,996.76
2026-10-02 20:35:26,1882,996.723
2026-10-02 20:35:26,1898,996.705
2026-10-02 20:35:26,1913,996.723
2026-10-02 20:35:26,1928,996.705
2026-10-02 20:35:26,1944,996.754
2026-10-02 20:35:26,1959,996.732
2026-10-02 20:35:26,1975,996.729
2026-10-02 20:35:26,1990,996.732
2026-10-02 20:35:26,2005,996.732
2026-10-02 20:35:27,2021,996.763
2026-10-02 20:35:27,2036,996.714
2026-10-02 20:35:27,2052,996.729
2026-10-02 20:35:27,2067,996.732
2026-10-02 20:35:27,2082,996.705
2026-10-02 20:35:27,2098,996.705
2026-10-02 20:35:27,2113,996.705
2026-10-02 20:35:27,2129,996.705
2026-10-02 20:35:27,2144,996.741
2026-10-02 20:35:27,2160,996.763
2026-10-02 20:35:27,2175,996.774
2026-10-02 20:35:27,2191,996.705
2026-10-02 20:35:27,2206,996.705
2026-10-02 20:35:27,2221,996.729
2026-10-02 20:35:27,2237,996.723
2026-10-02 20:35:27,2252,996.714
2026-10-02 20:35:27,2268,996.732
2026-10-02 20:35:27,2283,996.705
2026-10-02 20:35:27,2298,996.705
2026-10-02 20:35:27,2314,996.732
2026-10-02 20:35:27,2329,996.705
2026-10-02 20:35:27,2345,996.783
2026-10-02 20:35:27,2360,996.705
2026-10-02 20:35:27,2376,996.723
2026-10-02 20:35:27,2391,996.751
2026-10-02 20:35:27,2406,996.783
2026-10-02 20:35:27,2422,996.754
2026-10-02 20:35:27,2437,996.705
2026-10-02 20:35:27,2453,996.705
2026-10-02 20:35:27,2468,996.732
2026-10-02 20:35:27,2483,996.705
2026-10-02 20:35:27,2499,996.761
2026-10-02 20:35:27,2514,996.729
2026-10-02 20:35:27,2530,996.763
2026-10-02 20:35:27,2545,996.723
2026-10-02 20:35:27,2561,996.732
2026-10-02 20:35:27,2576,996.754
2026-10-02 20:35:27,2591,996.705
2026-10-02 20:35:27,2607,996.729
2026-10-02 20:35:27,2622,996.774
2026-10-02 20:35:27,2638,996.729
2026-10-02 20:35:27,2653,996.723
2026-10-02 20:35:27,2669,996.754
2026-10-02 20:35:27,2684,996.705
2026-10-02 20:35:27,2699,996.705
2026-10-02 20:35:27,2715,996.761
2026-10-02 20:35:27,2730,996.705
2026-10-02 20:35:27,2746,996.741
2026-10-02 20:35:27,2761,996.738
2026-10-02 20:35:27,2776,996.783
2026-10-02 20:35:27,2792,996.723
2026-10-02 20:35:27,2807,996.761
2026-10-02 20:35:27,2823,996.783
2026-10-02 20:35:27,2838,996.705
2026-10-02 20:35:27,2854,996.705
2026-10-02 20:35:27,2869,996.783
2026-10-02 20:35:27,2884,996.705
2026-10-02 20:35:27,2900,996.723
2026-10-02 20:35:27,2915,996.705
2026-10-02 20:35:27,2931,996.723
2026-10-02 20:35:27,2946,996.723
2026-10-02 20:35:27,2961,996.705
2026-10-02 20:35:27,2977,996.763
2026-10-02 20:35:27,2992,996.705
2026-10-02 20:35:27,3008,996.772
2026-10-02 20:35:28,3023,996.705
2026-10-02 20:35:28,3039,996.751
2026-10-02 20:35:28,3054,996.741
2026-10-02 20:35:28,3070,996.763
2026-10-02 20:35:28,3085,996.729
2026-10-02 20:35:28,3100,996.741
2026-10-02 20:35:28,3116,996.783
2026-10-02 20:35:28,3131,996.783
2026-10-02 20:35:28,3147,996.783
2026-10-02 20:35:28,3162,996.741
2026-10-02 20:35:28,3177,996.783
2026-10-02 20:35:28,3193,996.774
2026-10-02 20:35:28,3208,996.723
2026-10-02 20:35:28,3224,996.732
2026-10-02 20:35:28,3239,996.705
2026-10-02 20:35:28,3254,996.705
2026-10-02 20:35:28,3270,996.723
2026-10-02 20:35:28,3285,996.751
2026-10-02 20:35:28,3301,996.729
2026-10-02 20:35:28,3316,996.723
2026-10-02 20:35:28,3332,996.741
2026-10-02 20:35:28,3347,996.729
2026-10-02 20:35:28,3362,996.705
2026-10-02 20:35:28,3378,996.761
2026-10-02 20:35:28,3393,996.705
2026-10-02 20:35:28,3409,996.732
2026-10-02 20:35:28,3424,996.723
2026-10-02 20:35:28,3439,996.763
2026-10-02 20:35:28,3455,996.723
2026-10-02 20:35:28,3470,996.705
2026-10-02 20:35:28,3486,996.763
2026-10-02 20:35:28,3501,996.754
2026-10-02 20:35:28,3517,996.741
2026-10-02 20:35:28,3532,996.723
2026-10-02 20:35:28,3548,996.738
2026-10-02 20:35:28,3563,996.705
2026-10-02 20:35:28,3578,996.705
2026-10-02 20:35:28,3594,996.705
2026-10-02 20:35:28,3609,996.714
2026-10-02 20:35:28,3625,996.705
2026-10-02 20:35:28,3640,996.761
2026-10-02 20:35:28,3655,996.705
2026-10-02 20:35:28,3671,996.723
2026-10-02 20:35:28,3686,996.743
2026-10-02 20:35:28,3702,996.754
2026-10-02 20:35:28,3717,996.763
2026-10-02 20:35:28,3732,996.783
2026-10-02 20:35:28,3748,996.743
2026-10-02 20:35:28,3763,996.723
2026-10-02 20:35:28,3779,996.783
2026-10-02 20:35:28,3794,996.705
2026-10-02 20:35:28,3810,996.729
2026-10-02 20:35:28,3825,996.705
2026-10-02 20:35:28,3840,996.705
2026-10-02 20:35:28,3856,996.705
2026-10-02 20:35:28,3871,996.783
2026-10-02 20:35:28,3887,996.783
2026-10-02 20:35:28,3902,996.705
2026-10-02 20:35:28,3918,996.761
2026-10-02 20:35:28,3933,996.705
2026-10-02 20:35:28,3948,996.714
2026-10-02 20:35:28,3964,996.705
2026-10-02 20:35:28,3979,996.783
2026-10-02 20:35:28,3995,996.743
2026-10-02 20:35:28,4010,996.738
2026-10-02 20:35:29,4026,996.729
2026-10-02 20:35:29,4041,996.723
2026-10-02 20:35:29,4056,996.741
2026-10-02 20:35:29,4072,996.741
2026-10-02 20:35:29,4087,996.705
2026-10-02 20:35:29,4103,996.783
2026-10-02 20:35:29,4118,996.714
2026-10-02 20:35:29,4133,996.732
2026-10-02 20:35:29,4149,996.732
2026-10-02 20:35:29,4164,996.714
2026-10-02 20:35:29,4180,996.732
2026-10-02 20:35:29,4195,996.705
2026-10-02 20:35:29,4211,996.705
2026-10-02 20:35:29,4226,996.729
2026-10-02 20:35:29,4242,996.705
2026-10-02 20:35:29,4257,996.729
2026-10-02 20:35:29,4272,996.705
2026-10-02 20:35:29,4288,996.723
2026-10-02 20:35:29,4303,996.743
2026-10-02 20:35:29,4319,996.754
2026-10-02 20:35:29,4334,996.754
2026-10-02 20:35:29,4349,996.729
2026-10-02 20:35:29,4365,996.729
2026-10-02 20:35:29,4380,996.705
2026-10-02 20:35:29,4396,996.723
2026-10-02 20:35:29,4411,996.741
2026-10-02 20:35:29,4427,996.783
2026-10-02 20:35:29,4442,996.765
2026-10-02 20:35:29,4457,996.705
2026-10-02 20:35:29,4473,996.76
2026-10-02 20:35:29,4488,996.705
2026-10-02 20:35:29,4504,996.783
2026-10-02 20:35:29,4519,996.765
2026-10-02 20:35:29,4534,996.763
2026-10-02 20:35:29,4550,996.705
2026-10-02 20:35:29,4565,996.754
2026-10-02 20:35:29,4581,996.723
2026-10-02 20:35:29,4596,996.772
2026-10-02 20:35:29,4611,996.783
2026-10-02 20:35:29,4627,996.761
2026-10-02 20:35:29,4642,996.714
2026-10-02 20:35:29,4658,996.714
2026-10-02 20:35:29,4673,996.763
2026-10-02 20:35:29,4689,996.763
2026-10-02 20:35:29,4704,996.729
2026-10-02 20:35:29,4720,996.723
2026-10-02 20:35:29,4735,996.741
2026-10-02 20:35:29,4750,996.761
2026-10-02 20:35:29,4766,996.763
2026-10-02 20:35:29,4781,996.714
2026-10-02 20:35:29,4797,996.763
2026-10-02 20:35:29,4812,996.783
2026-10-02 20:35:29,4827,996.738
2026-10-02 20:35:29,4843,996.772
2026-10-02 20:35:29,4858,996.705
2026-10-02 20:35:29,4874,996.763
2026-10-02 20:35:29,4889,996.763
2026-10-02 20:35:29,4905,996.763
2026-10-02 20:35:29,4920,996.723
2026-10-02 20:35:29,4935,996.761
2026-10-02 20:35:29,4951,996.705
2026-10-02 20:35:29,4966,996.741
2026-10-02 20:35:29,4982,996.714
2026-10-02 20:35:29,4997,996.783
2026-10-02 20:35:29,5012,996.763
2026-10-02 20:35:30,5028,996.741
2026-10-02 20:35:30,5043,996.723
2026-10-02 20:35:30,5059,996.705
2026-10-02 20:35:30,5074,996.723
2026-10-02 20:35:30,5090,996.705
2026-10-02 20:35:30,5105,996.729
2026-10-02 20:35:30,5120,996.738
2026-10-02 20:35:30,5136,996.783
2026-10-02 20:35:30,5151,996.705
2026-10-02 20:35:30,5167,996.705
2026-10-02 20:35:30,5182,996.723
2026-10-02 20:35:30,5197,996.705
2026-10-02 20:35:30,5213,996.772
2026-10-02 20:35:30,5228,996.705
2026-10-02 20:35:30,5244,996.732
2026-10-02 20:35:30,5259,996.705
2026-10-02 20:35:30,5275,996.751
2026-10-02 20:35:30,5290,996.783
2026-10-02 20:35:30,5305,996.774
2026-10-02 20:35:30,5321,996.754
2026-10-02 20:35:30,5336,996.723
2026-10-02 20:35:30,5352,996.705
2026-10-02 20:35:30,5367,996.741
2026-10-02 20:35:30,5382,996.738
2026-10-02 20:35:30,5398,996.783
2026-10-02 20:35:30,5413,996.761
2026-10-02 20:35:30,5429,996.761
2026-10-02 20:35:30,5444,996.705
2026-10-02 20:35:30,5460,996.772
2026-10-02 20:35:30,5475,996.723
2026-10-02 20:35:30,5491,996.754
2026-10-02 20:35:30,5506,996.741
2026-10-02 20:35:30,5521,996.723
2026-10-02 20:35:30,5537,996.781
2026-10-02 20:35:30,5552,996.729
2026-10-02 20:35:30,5568,996.723
2026-10-02 20:35:30,5583,996.729
2026-10-02 20:35:30,5598,996.763
2026-10-02 20:35:30,5614,996.763
2026-10-02 20:35:30,5629,996.754
2026-10-02 20:35:30,5645,996.705
2026-10-02 20:35:30,5660,996.729
2026-10-02 20:35:30,5676,996.705
2026-10-02 20:35:30,5691,996.705
2026-10-02 20:35:30,5706,996.705
2026-10-02 20:35:30,5722,996.705
2026-10-02 20:35:30,5737,996.723
2026-10-02 20:35:30,5753,996.783
2026-10-02 20:35:30,5768,996.763
2026-10-02 20:35:30,5783,996.714
2026-10-02 20:35:30,5799,996.732
2026-10-02 20:35:30,5814,996.741
2026-10-02 20:35:30,5830,996.751
2026-10-02 20:35:30,5845,996.741
2026-10-02 20:35:30,5861,996.72
2026-10-02 20:35:30,5876,996.705
2026-10-02 20:35:30,5891,996.763
2026-10-02 20:35:30,5907,996.729
2026-10-02 20:35:30,5922,996.741
2026-10-02 20:35:30,5938,996.705
2026-10-02 20:35:30,5953,996.714
2026-10-02 20:35:30,5969,996.72
2026-10-02 20:35:30,5984,996.705
2026-10-02 20:35:30,5999,996.763
2026-10-02 20:35:30,6015,996.705
2026-10-02 20:35:31,6030,996.705
2026-10-02 20:35:31,6046,996.783
2026-10-02 20:35:31,6061,996.705
2026-10-02 20:35:31,6076,996.705
2026-10-02 20:35:31,6092,996.705
2026-10-02 20:35:31,6107,996.714
2026-10-02 20:35:31,6123,996.705
2026-10-02 20:35:31,6138,996.705
2026-10-02 20:35:31,6154,996.714
2026-10-02 20:35:31,6169,996.754
2026-10-02 20:35:31,6184,996.754
2026-10-02 20:35:31,6200,996.729
2026-10-02 20:35:31,6215,996.705
2026-10-02 20:35:31,6231,996.754
2026-10-02 20:35:31,6246,996.732
2026-10-02 20:35:31,6262,996.761
2026-10-02 20:35:31,6277,996.705
2026-10-02 20:35:31,6292,996.763
2026-10-02 20:35:31,6308,996.723
2026-10-02 20:35:31,6323,996.738
2026-10-02 20:35:31,6339,996.705
2026-10-02 20:35:31,6354,996.763
2026-10-02 20:35:31,6369,996.723
2026-10-02 20:35:31,6385,996.741
2026-10-02 20:35:31,6400,996.741
2026-10-02 20:35:31,6416,996.714
2026-10-02 20:35:31,6431,996.723
2026-10-02 20:35:31,6447,996.705
2026-10-02 20:35:31,6462,996.705
2026-10-02 20:35:31,6477,996.774
2026-10-02 20:35:31,6493,996.705
2026-10-02 20:35:31,6508,996.723
2026-10-02 20:35:31,6524,996.723
2026-10-02 20:35:31,6539,996.705
2026-10-02 20:35:31,6554,996.705
2026-10-02 20:35:31,6570,996.705
2026-10-02 20:35:31,6585,996.729
2026-10-02 20:35:31,6601,996.729
2026-10-02 20:35:31,6616,996.751
2026-10-02 20:35:31,6632,996.723
2026-10-02 20:35:31,6647,996.705
2026-10-02 20:35:31,6663,996.729
2026-10-02 20:35:31,6678,996.743
2026-10-02 20:35:31,6693,996.705
2026-10-02 20:35:31,6709,996.763
2026-10-02 20:35:31,6724,996.705
2026-10-02 20:35:31,6740,996.763
2026-10-02 20:35:31,6755,996.783
2026-10-02 20:35:31,6770,996.761
2026-10-02 20:35:31,6786,996.763
2026-10-02 20:35:31,6801,996.705
2026-10-02 20:35:31,6817,996.729
2026-10-02 20:35:31,6832,996.729
2026-10-02 20:35:31,6847,996.723
2026-10-02 20:35:31,6863,996.783
2026-10-02 20:35:31,6878,996.705
2026-10-02 20:35:31,6894,996.705
2026-10-02 20:35:31,6909,996.783
2026-10-02 20:35:31,6925,996.725
2026-10-02 20:35:31,6940,996.741
2026-10-02 20:35:31,6955,996.723
2026-10-02 20:35:31,6971,996.723
2026-10-02 20:35:31,6986,996.738
2026-10-02 20:35:31,7002,996.705
2026-10-02 20:35:31,7017,996.783
2026-10-02 20:35:32,7033,996.705
2026-10-02 20:35:32,7048,996.705
2026-10-02 20:35:32,7064,996.705
2026-10-02 20:35:32,7079,996.783
2026-10-02 20:35:32,7094,996.783
2026-10-02 20:35:32,7110,996.741
2026-10-02 20:35:32,7125,996.705
2026-10-02 20:35:32,7141,996.783
2026-10-02 20:35:32,7156,996.732
2026-10-02 20:35:32,7171,996.783
2026-10-02 20:35:32,7187,996.729
2026-10-02 20:35:32,7202,996.705
2026-10-02 20:35:32,7218,996.705
2026-10-02 20:35:32,7233,996.741
2026-10-02 20:35:32,7248,996.705
2026-10-02 20:35:32,7264,996.798
2026-10-02 20:35:32,7279,996.723
2026-10-02 20:35:32,7295,996.705
2026-10-02 20:35:32,7310,996.763
2026-10-02 20:35:32,7326,996.761
2026-10-02 20:35:32,7341,996.763
2026-10-02 20:35:32,7356,996.714
2026-10-02 20:35:32,7372,996.714
2026-10-02 20:35:32,7387,996.783
2026-10-02 20:35:32,7403,996.705
2026-10-02 20:35:32,7418,996.705
2026-10-02 20:35:32,7433,996.732
2026-10-02 20:35:32,7449,996.741
2026-10-02 20:35:32,7464,996.763
2026-10-02 20:35:32,7480,996.783
2026-10-02 20:35:32,7495,996.774
2026-10-02 20:35:32,7511,996.763
2026-10-02 20:35:32,7526,996.732
2026-10-02 20:35:32,7542,996.705
2026-10-02 20:35:32,7557,996.705
2026-10-02 20:35:32,7572,996.729
2026-10-02 20:35:32,7588,996.705
2026-10-02 20:35:32,7603,996.772
2026-10-02 20:35:32,7619,996.705
2026-10-02 20:35:32,7634,996.738
2026-10-02 20:35:32,7649,996.763
2026-10-02 20:35:32,7665,996.741
2026-10-02 20:35:32,7680,996.783
2026-10-02 20:35:32,7696,996.732
2026-10-02 20:35:32,7711,996.705
2026-10-02 20:35:32,7727,996.783
2026-10-02 20:35:32,7742,996.705
2026-10-02 20:35:32,7757,996.729
2026-10-02 20:35:32,7773,996.741
2026-10-02 20:35:32,7788,996.705
2026-10-02 20:35:32,7804,996.705
2026-10-02 20:35:32,7819,996.705
2026-10-02 20:35:32,7834,996.783
2026-10-02 20:35:32,7850,996.705
2026-10-02 20:35:32,7865,996.705
2026-10-02 20:35:32,7881,996.761
2026-10-02 20:35:32,7896,996.723
2026-10-02 20:35:32,7912,996.705
2026-10-02 20:35:32,7927,996.763
2026-10-02 20:35:32,7943,996.738
2026-10-02 20:35:32,7958,996.705
2026-10-02 20:35:32,7973,996.783
2026-10-02 20:35:32,7989,996.763
2026-10-02 20:35:32,8004,996.763
2026-10-02 20:35:33,8020,996.783
2026-10-02 20:35:33,8035,996.783
2026-10-02 20:35:33,8050,996.738
2026-10-02 20:35:33,8066,996.705
2026-10-02 20:35:33,8081,996.783
2026-10-02 20:35:33,8097,996.763
2026-10-02 20:35:33,8112,996.714
2026-10-02 20:35:33,8127,996.729
2026-10-02 20:35:33,8143,996.763
2026-10-02 20:35:33,8158,996.761
2026-10-02 20:35:33,8174,996.741
2026-10-02 20:35:33,8189,996.772
2026-10-02 20:35:33,8205,996.754
2026-10-02 20:35:33,8220,996.705
2026-10-02 20:35:33,8236,996.729
2026-10-02 20:35:33,8251,996.705
2026-10-02 20:35:33,8266,996.705
2026-10-02 20:35:33,8282,996.783
2026-10-02 20:35:33,8297,996.763
2026-10-02 20:35:33,8313,996.783
2026-10-02 20:35:33,8328,996.741
2026-10-02 20:35:33,8343,996.774
2026-10-02 20:35:33,8359,996.705
2026-10-02 20:35:33,8374,996.729
2026-10-02 20:35:33,8390,996.783
2026-10-02 20:35:33,8405,996.761
2026-10-02 20:35:33,8421,996.705
2026-10-02 20:35:33,8436,996.732
2026-10-02 20:35:33,8452,996.725
2026-10-02 20:35:33,8467,996.723
2026-10-02 20:35:33,8482,996.723
2026-10-02 20:35:33,8498,996.729
2026-10-02 20:35:33,8513,996.723
2026-10-02 20:35:33,8529,996.729
2026-10-02 20:35:33,8544,996.763
2026-10-02 20:35:33,8559,996.763
2026-10-02 20:35:33,8575,996.729
2026-10-02 20:35:33,8590,996.705
2026-10-02 20:35:33,8606,996.705
2026-10-02 20:35:33,8621,996.729
2026-10-02 20:35:33,8636,996.705
2026-10-02 20:35:33,8652,996.741
2026-10-02 20:35:33,8667,996.723
2026-10-02 20:35:33,8683,996.729
2026-10-02 20:35:33,8698,996.783
2026-10-02 20:35:33,8714,996.741
2026-10-02 20:35:33,8729,996.732
2026-10-02 20:35:33,8745,996.751
2026-10-02 20:35:33,8760,996.754
2026-10-02 20:35:33,8775,996.714
2026-10-02 20:35:33,8791,996.754
2026-10-02 20:35:33,8806,996.772
2026-10-02 20:35:33,8822,996.743
2026-10-02 20:35:33,8837,996.705
2026-10-02 20:35:33,8852,996.738
2026-10-02 20:35:33,8868,996.741
2026-10-02 20:35:33,8883,996.729
2026-10-02 20:35:33,8899,996.783
2026-10-02 20:35:33,8914,996.732
2026-10-02 20:35:33,8929,996.729
2026-10-02 20:35:33,8945,996.732
2026-10-02 20:35:33,8960,996.783
2026-10-02 20:35:33,8976,996.772
2026-10-02 20:35:33,8991,996.741
2026-10-02 20:35:33,9007,996.705
2026-10-02 20:35:34,9022,996.732
2026-10-02 20:35:34,9037,996.783
2026-10-02 20:35:34,9053,996.763
2026-10-02 20:35:34,9068,996.705
2026-10-02 20:35:34,9084,996.705
2026-10-02 20:35:34,9099,996.705
2026-10-02 20:35:34,9115,996.705
2026-10-02 20:35:34,9130,996.774
2026-10-02 20:35:34,9146,996.723
2026-10-02 20:35:34,9161,996.763
2026-10-02 20:35:34,9176,996.743
2026-10-02 20:35:34,9192,996.729
2026-10-02 20:35:34,9207,996.705
2026-10-02 20:35:34,9223,996.741
2026-10-02 20:35:34,9238,996.763
2026-10-02 20:35:34,9253,996.705
2026-10-02 20:35:34,9269,996.774
2026-10-02 20:35:34,9284,996.741
2026-10-02 20:35:34,9300,996.741
2026-10-02 20:35:34,9315,996.798
2026-10-02 20:35:34,9331,996.723
2026-10-02 20:35:34,9346,996.774
2026-10-02 20:35:34,9361,996.774
2026-10-02 20:35:34,9377,996.705
2026-10-02 20:35:34,9392,996.741
2026-10-02 20:35:34,9408,996.705
2026-10-02 20:35:34,9423,996.729
2026-10-02 20:35:34,9438,996.729
2026-10-02 20:35:34,9454,996.705
2026-10-02 20:35:34,9469,996.732
2026-10-02 20:35:34,9485,996.723
2026-10-02 20:35:34,9500,996.763
2026-10-02 20:35:34,9515,996.774
2026-10-02 20:35:34,9531,996.729
2026-10-02 20:35:34,9546,996.723
2026-10-02 20:35:34,9562,996.741
2026-10-02 20:35:34,9577,996.732
2026-10-02 20:35:34,9593,996.729
2026-10-02 20:35:34,9608,996.741
2026-10-02 20:35:34,9624,996.741
2026-10-02 20:35:34,9639,996.741
2026-10-02 20:35:34,9654,996.723
2026-10-02 20:35:34,9670,996.732
2026-10-02 20:35:34,9685,996.761
2026-10-02 20:35:34,9701,996.783
2026-10-02 20:35:34,9716,996.763
2026-10-02 20:35:34,9731,996.783
2026-10-02 20:35:34,9747,996.705
2026-10-02 20:35:34,9762,996.772
2026-10-02 20:35:34,9778,996.761
2026-10-02 20:35:34,9793,996.705
2026-10-02 20:35:34,9809,996.763
2026-10-02 20:35:34,9824,996.705
2026-10-02 20:35:34,9839,996.705
2026-10-02 20:35:34,9855,996.754
2026-10-02 20:35:34,9870,996.783
2026-10-02 20:35:34,9886,996.751
2026-10-02 20:35:34,9901,996.783
2026-10-02 20:35:34,9917,996.714
2026-10-02 20:35:34,9932,996.783
2026-10-02 20:35:34,9947,996.714
2026-10-02 20:35:34,9963,996.732
2026-10-02 20:35:34,9978,996.705
2026-10-02 20:35:34,9994,996.763
2026-10-02 20:35:34,10009,996.714
2026-10-02 20:35:35,10025,996.705
2026-10-02 20:35:35,10040,996.705
2026-10-02 20:35:35,10055,996.732
2026-10-02 20:35:35,10071,996.723
2026-10-02 20:35:35,10086,996.705
2026-10-02 20:35:35,10102,996.763
2026-10-02 20:35:35,10117,996.705
2026-10-02 20:35:35,10132,996.705
2026-10-02 20:35:35,10148,996.774
2026-10-02 20:35:35,10163,996.732
2026-10-02 20:35:35,10179,996.729
2026-10-02 20:35:35,10194,996.705
2026-10-02 20:35:35,10209,996.723
2026-10-02 20:35:35,10225,996.705
2026-10-02 20:35:35,10240,996.705
2026-10-02 20:35:35,10256,996.732
2026-10-02 20:35:35,10271,996.763
2026-10-02 20:35:35,10287,996.741
2026-10-02 20:35:35,10302,996.732
2026-10-02 20:35:35,10318,996.705
2026-10-02 20:35:35,10333,996.783
2026-10-02 20:35:35,10348,996.763
2026-10-02 20:35:35,10364,996.783
2026-10-02 20:35:35,10379,996.763
2026-10-02 20:35:35,10395,996.774
2026-10-02 20:35:35,10410,996.705
2026-10-02 20:35:35,10426,996.705
2026-10-02 20:35:35,10441,996.705
2026-10-02 20:35:35,10456,996.751
2026-10-02 20:35:35,10472,996.78
2026-10-02 20:35:35,10487,996.783
2026-10-02 20:35:35,10503,996.783
2026-10-02 20:35:35,10518,996.783
2026-10-02 20:35:35,10533,996.763
2026-10-02 20:35:35,10549,996.732
2026-10-02 20:35:35,10564,996.705
2026-10-02 20:35:35,10580,996.705
2026-10-02 20:35:35,10595,996.763
2026-10-02 20:35:35,10610,996.783
2026-10-02 20:35:35,10626,996.705
2026-10-02 20:35:35,10641,996.783
2026-10-02 20:35:35,10657,996.729
2026-10-02 20:35:35,10672,996.741
2026-10-02 20:35:35,10688,996.705
2026-10-02 20:35:35,10703,996.705
2026-10-02 20:35:35,10718,996.705
2026-10-02 20:35:35,10734,996.714
2026-10-02 20:35:35,10749,996.783
2026-10-02 20:35:35,10765,996.783
2026-10-02 20:35:35,10780,996.741
2026-10-02 20:35:35,10796,996.763
2026-10-02 20:35:35,10811,996.705
2026-10-02 20:35:35,10826,996.741
2026-10-02 20:35:35,10842,996.729
2026-10-02 20:35:35,10857,996.729
2026-10-02 20:35:35,10873,996.705
2026-10-02 20:35:35,10888,996.754
2026-10-02 20:35:35,10904,996.754
2026-10-02 20:35:35,10919,996.754
2026-10-02 20:35:35,10934,996.783
2026-10-02 20:35:35,10950,996.705
2026-10-02 20:35:35,10965,996.738
2026-10-02 20:35:35,10981,996.732
2026-10-02 20:35:35,10996,996.705
2026-10-02 20:35:35,11011,996.705
2026-10-02 20:35:36,11027,996.729
2026-10-02 20:35:36,11042,996.705
2026-10-02 20:35:36,11058,996.763
2026-10-02 20:35:36,11073,996.783
2026-10-02 20:35:36,11089,996.732
2026-10-02 20:35:36,11104,996.714
2026-10-02 20:35:36,11120,996.705
2026-10-02 20:35:36,11135,996.729
2026-10-02 20:35:36,11150,996.774
2026-10-02 20:35:36,11166,996.729
2026-10-02 20:35:36,11181,996.729
2026-10-02 20:35:36,11197,996.741
2026-10-02 20:35:36,11212,996.705
2026-10-02 20:35:36,11227,996.741
2026-10-02 20:35:36,11243,996.714
2026-10-02 20:35:36,11258,996.732
2026-10-02 20:35:36,11274,996.763
2026-10-02 20:35:36,11289,996.774
2026-10-02 20:35:36,11304,996.705
2026-10-02 20:35:36,11320,996.729
2026-10-02 20:35:36,11335,996.705
2026-10-02 20:35:36,11351,996.723
2026-10-02 20:35:36,11366,996.774
2026-10-02 20:35:36,11382,996.732
2026-10-02 20:35:36,11397,996.705
2026-10-02 20:35:36,11412,996.783
2026-10-02 20:35:36,11428,996.705
2026-10-02 20:35:36,11443,996.78
2026-10-02 20:35:36,11459,996.798
2026-10-02 20:35:36,11474,996.754
2026-10-02 20:35:36,11490,996.783
2026-10-02 20:35:36,11505,996.732
2026-10-02 20:35:36,11520,996.729
2026-10-02 20:35:36,11536,996.705
2026-10-02 20:35:36,11551,996.783
2026-10-02 20:35:36,11567,996.705
2026-10-02 20:35:36,11582,996.774
2026-10-02 20:35:36,11598,996.741
2026-10-02 20:35:36,11613,996.754
2026-10-02 20:35:36,11629,996.763
2026-10-02 20:35:36,11644,996.783
2026-10-02 20:35:36,11659,996.732
2026-10-02 20:35:36,11675,996.754
2026-10-02 20:35:36,11690,996.732
2026-10-02 20:35:36,11706,996.761
2026-10-02 20:35:36,11721,996.774
2026-10-02 20:35:36,11736,996.729
2026-10-02 20:35:36,11752,996.783
2026-10-02 20:35:36,11767,996.732
2026-10-02 20:35:36,11783,996.705
2026-10-02 20:35:36,11798,996.741
2026-10-02 20:35:36,11813,996.751
2026-10-02 20:35:36,11829,996.705
2026-10-02 20:35:36,11844,996.783
2026-10-02 20:35:36,11860,996.741
2026-10-02 20:35:36,11875,996.783
2026-10-02 20:35:36,11891,996.729
2026-10-02 20:35:36,11906,996.705
2026-10-02 20:35:36,11921,996.763
2026-10-02 20:35:36,11937,996.705
2026-10-02 20:35:36,11952,996.783
2026-10-02 20:35:36,11968,996.741
2026-10-02 20:35:36,11983,996.741
2026-10-02 20:35:36,11999,996.705
2026-10-02 20:35:36,12014,996.732
2026-10-02 20:35:37,12029,996.714
2026-10-02 20:35:37,12045,996.729
2026-10-02 20:35:37,12060,996.763
2026-10-02 20:35:37,12076,996.763
2026-10-02 20:35:37,12091,996.705
2026-10-02 20:35:37,12107,996.763
2026-10-02 20:35:37,12122,996.763
2026-10-02 20:35:37,12137,996.729
2026-10-02 20:35:37,12153,996.741
2026-10-02 20:35:37,12168,996.705
2026-10-02 20:35:37,12184,996.783
2026-10-02 20:35:37,12199,996.754
2026-10-02 20:35:37,12214,996.741
2026-10-02 20:35:37,12230,996.705
2026-10-02 20:35:37,12245,996.783
2026-10-02 20:35:37,12261,996.783
2026-10-02 20:35:37,12276,996.705
2026-10-02 20:35:37,12292,996.705
2026-10-02 20:35:37,12307,996.723
2026-10-02 20:35:37,12322,996.783
2026-10-02 20:35:37,12338,996.763
2026-10-02 20:35:37,12353,996.741
2026-10-02 20:35:37,12369,996.783
2026-10-02 20:35:37,12384,996.783
2026-10-02 20:35:37,12400,996.723
2026-10-02 20:35:37,12415,996.705
2026-10-02 20:35:37,12430,996.705
2026-10-02 20:35:37,12446,996.732
2026-10-02 20:35:37,12461,996.763
2026-10-02 20:35:37,12477,996.741
2026-10-02 20:35:37,12492,996.714
2026-10-02 20:35:37,12508,996.774
2026-10-02 20:35:37,12523,996.761
2026-10-02 20:35:37,12538,996.714
2026-10-02 20:35:37,12554,996.723
2026-10-02 20:35:37,12569,996.705
2026-10-02 20:35:37,12585,996.763
2026-10-02 20:35:37,12600,996.705
2026-10-02 20:35:37,12615,996.705
2026-10-02 20:35:37,12631,996.763
2026-10-02 20:35:37,12646,996.729
2026-10-02 20:35:37,12662,996.732
2026-10-02 20:35:37,12677,996.705
2026-10-02 20:35:37,12693,996.763
2026-10-02 20:35:37,12708,996.705
2026-10-02 20:35:37,12723,996.729
2026-10-02 20:35:37,12739,996.705
2026-10-02 20:35:37,12754,996.714
2026-10-02 20:35:37,12770,996.705
2026-10-02 20:35:37,12785,996.714
2026-10-02 20:35:37,12801,996.729
2026-10-02 20:35:37,12816,996.741
2026-10-02 20:35:37,12832,996.705
2026-10-02 20:35:37,12847,996.723
2026-10-02 20:35:37,12862,996.705
2026-10-02 20:35:37,12878,996.738
2026-10-02 20:35:37,12893,996.705
2026-10-02 20:35:37,12909,996.732
2026-10-02 20:35:37,12924,996.705
2026-10-02 20:35:37,12939,996.783
2026-10-02 20:35:37,12955,996.774
2026-10-02 20:35:37,12970,996.705
2026-10-02 20:35:37,12986,996.783
2026-10-02 20:35:37,13001,996.714
2026-10-02 20:35:37,13016,996.781
2026-10-02 20:35:38,13032,996.705
2026-10-02 20:35:38,13047,996.763
2026-10-02 20:35:38,13063,996.723
2026-10-02 20:35:38,13078,996.761
2026-10-02 20:35:38,13094,996.714
2026-10-02 20:35:38,13109,996.705
2026-10-02 20:35:38,13124,996.705
2026-10-02 20:35:38,13140,996.729
2026-10-02 20:35:38,13155,996.705
2026-10-02 20:35:38,13171,996.705
2026-10-02 20:35:38,13186,996.763
2026-10-02 20:35:38,13202,996.705
2026-10-02 20:35:38,13217,996.729
2026-10-02 20:35:38,13233,996.729
2026-10-02 20:35:38,13248,996.741
2026-10-02 20:35:38,13263,996.705
2026-10-02 20:35:38,13279,996.763
2026-10-02 20:35:38,13294,996.705
2026-10-02 20:35:38,13310,996.705
2026-10-02 20:35:38,13325,996.705
2026-10-02 20:35:38,13340,996.705
2026-10-02 20:35:38,13356,996.705
2026-10-02 20:35:38,13371,996.729
2026-10-02 20:35:38,13387,996.705
2026-10-02 20:35:38,13402,996.763
2026-10-02 20:35:38,13418,996.729
2026-10-02 20:35:38,13433,996.732
2026-10-02 20:35:38,13448,996.705
2026-10-02 20:35:38,13464,996.729
2026-10-02 20:35:38,13479,996.763
2026-10-02 20:35:38,13495,996.72
2026-10-02 20:35:38,13510,996.705
2026-10-02 20:35:38,13525,996.729
2026-10-02 20:35:38,13541,996.763
2026-10-02 20:35:38,13556,996.705
2026-10-02 20:35:38,13572,996.732
2026-10-02 20:35:38,13587,996.705
2026-10-02 20:35:38,13602,996.743
2026-10-02 20:35:38,13618,996.729
2026-10-02 20:35:38,13633,996.705
2026-10-02 20:35:38,13649,996.729
2026-10-02 20:35:38,13664,996.732
2026-10-02 20:35:38,13680,996.732
2026-10-02 20:35:38,13695,996.783
2026-10-02 20:35:38,13711,996.723
2026-10-02 20:35:38,13726,996.723
2026-10-02 20:35:38,13741,996.705
2026-10-02 20:35:38,13757,996.705
2026-10-02 20:35:38,13772,996.754
2026-10-02 20:35:38,13788,996.723
2026-10-02 20:35:38,13803,996.732
2026-10-02 20:35:38,13818,996.729
2026-10-02 20:35:38,13834,996.763
2026-10-02 20:35:38,13849,996.705
2026-10-02 20:35:38,13865,996.705
2026-10-02 20:35:38,13880,996.774
2026-10-02 20:35:38,13896,996.729
2026-10-02 20:35:38,13911,996.763
2026-10-02 20:35:38,13926,996.729
2026-10-02 20:35:38,13942,996.723
2026-10-02 20:35:38,13957,996.761
2026-10-02 20:35:38,13973,996.705
2026-10-02 20:35:38,13988,996.783
2026-10-02 20:35:38,14004,996.783
2026-10-02 20:35:38,14019,996.705
2026-10-02 20:35:39,14034,996.723
2026-10-02 20:35:39,14050,996.763
2026-10-02 20:35:39,14065,996.754
2026-10-02 20:35:39,14081,996.761
2026-10-02 20:35:39,14096,996.763
2026-10-02 20:35:39,14112,996.732
2026-10-02 20:35:39,14127,996.741
2026-10-02 20:35:39,14142,996.783
2026-10-02 20:35:39,14158,996.723
2026-10-02 20:35:39,14173,996.714
2026-10-02 20:35:39,14189,996.705
2026-10-02 20:35:39,14204,996.732
2026-10-02 20:35:39,14219,996.741
2026-10-02 20:35:39,14235,996.723
2026-10-02 20:35:39,14250,996.783
2026-10-02 20:35:39,14266,996.705
2026-10-02 20:35:39,14281,996.798
2026-10-02 20:35:39,14296,996.729
2026-10-02 20:35:39,14312,996.774
2026-10-02 20:35:39,14327,996.705
2026-10-02 20:35:39,14343,996.763
2026-10-02 20:35:39,14358,996.729
2026-10-02 20:35:39,14374,996.705
2026-10-02 20:35:39,14389,996.774
2026-10-02 20:35:39,14404,996.723
2026-10-02 20:35:39,14420,996.741
2026-10-02 20:35:39,14435,996.723
2026-10-02 20:35:39,14451,996.705
2026-10-02 20:35:39,14466,996.741
2026-10-02 20:35:39,14482,996.705
2026-10-02 20:35:39,14497,996.705
2026-10-02 20:35:39,14513,996.723
2026-10-02 20:35:39,14528,996.705
2026-10-02 20:35:39,14543,996.705
2026-10-02 20:35:39,14559,996.705
2026-10-02 20:35:39,14574,996.783
2026-10-02 20:35:39,14590,996.705
2026-10-02 20:35:39,14605,996.761
2026-10-02 20:35:39,14620,996.774
2026-10-02 20:35:39,14636,996.783
2026-10-02 20:35:39,14651,996.754
2026-10-02 20:35:39,14667,996.761
2026-10-02 20:35:39,14682,996.741
2026-10-02 20:35:39,14698,996.705
2026-10-02 20:35:39,14713,996.763
2026-10-02 20:35:39,14728,996.783
2026-10-02 20:35:39,14744,996.763
2026-10-02 20:35:39,14759,996.705
2026-10-02 20:35:39,14775,996.723
2026-10-02 20:35:39,14790,996.738
2026-10-02 20:35:39,14805,996.723
2026-10-02 20:35:39,14821,996.754
2026-10-02 20:35:39,14836,996.741
2026-10-02 20:35:39,14852,996.729
2026-10-02 20:35:39,14867,996.732
2026-10-02 20:35:39,14883,996.705
2026-10-02 20:35:39,14898,996.714
2026-10-02 20:35:39,14914,996.705
2026-10-02 20:35:39,14929,996.732
2026-10-02 20:35:39,14944,996.732
2026-10-02 20:35:39,14960,996.705
2026-10-02 20:35:39,14975,996.705
2026-10-02 20:35:39,14991,996.732
2026-10-02 20:35:39,15006,996.751
2026-10-02 20:35:40,15021,996.723
2026-10-02 20:35:40,15037,996.783
2026-10-02 20:35:40,15052,996.732
2026-10-02 20:35:40,15068,996.763
2026-10-02 20:35:40,15083,996.783
2026-10-02 20:35:40,15099,996.705
2026-10-02 20:35:40,15114,996.714
2026-10-02 20:35:40,15129,996.705
2026-10-02 20:35:40,15145,996.763
2026-10-02 20:35:40,15160,996.763
2026-10-02 20:35:40,15176,996.732
2026-10-02 20:35:40,15191,996.72
2026-10-02 20:35:40,15207,996.729
2026-10-02 20:35:40,15222,996.741
2026-10-02 20:35:40,15237,996.741
2026-10-02 20:35:40,15253,996.783
2026-10-02 20:35:40,15268,996.783
2026-10-02 20:35:40,15284,996.705
2026-10-02 20:35:40,15299,996.774
2026-10-02 20:35:40,15315,996.763
2026-10-02 20:35:40,15330,996.741
2026-10-02 20:35:40,15345,996.729
2026-10-02 20:35:40,15361,996.705
2026-10-02 20:35:40,15376,996.723
2026-10-02 20:35:40,15392,996.783
2026-10-02 20:35:40,15407,996.729
2026-10-02 20:35:40,15423,996.774
2026-10-02 20:35:40,15438,996.705
2026-10-02 20:35:40,15453,996.761
2026-10-02 20:35:40,15469,996.729
2026-10-02 20:35:40,15484,996.705
2026-10-02 20:35:40,15500,996.763
2026-10-02 20:35:40,15515,996.723
2026-10-02 20:35:40,15530,996.741
2026-10-02 20:35:40,15546,996.783
2026-10-02 20:35:40,15561,996.763
2026-10-02 20:35:40,15577,996.714
2026-10-02 20:35:40,15592,996.705
2026-10-02 20:35:40,15608,996.732
2026-10-02 20:35:40,15623,996.783
2026-10-02 20:35:40,15638,996.754
2026-10-02 20:35:40,15654,996.729
2026-10-02 20:35:40,15669,996.763
2026-10-02 20:35:40,15685,996.783
2026-10-02 20:35:40,15700,996.783
2026-10-02 20:35:40,15715,996.738
2026-10-02 20:35:40,15731,996.732
2026-10-02 20:35:40,15746,996.714
2026-10-02 20:35:40,15762,996.774
2026-10-02 20:35:40,15777,996.783
2026-10-02 20:35:40,15793,996.723
2026-10-02 20:35:40,15808,996.754
2026-10-02 20:35:40,15824,996.729
2026-10-02 20:35:40,15839,996.783
2026-10-02 20:35:40,15854,996.774
2026-10-02 20:35:40,15870,996.783
2026-10-02 20:35:40,15885,996.763
2026-10-02 20:35:40,15901,996.705
2026-10-02 20:35:40,15916,996.732
2026-10-02 20:35:40,15931,996.732
2026-10-02 20:35:40,15947,996.763
2026-10-02 20:35:40,15962,996.732
2026-10-02 20:35:40,15978,996.783
2026-10-02 20:35:40,15993,996.705
2026-10-02 20:35:40,16008,996.705
2026-10-02 20:35:41,16024,996.763
2026-10-02 20:35:41,16039,996.705
2026-10-02 20:35:41,16055,996.705
2026-10-02 20:35:41,16070,996.761
2026-10-02 20:35:41,16086,996.783
2026-10-02 20:35:41,16101,996.783
2026-10-02 20:35:41,16117,996.723
2026-10-02 20:35:41,16132,996.763
2026-10-02 20:35:41,16147,996.783
2026-10-02 20:35:41,16163,996.763
2026-10-02 20:35:41,16178,996.774
2026-10-02 20:35:41,16194,996.723
2026-10-02 20:35:41,16209,996.741
2026-10-02 20:35:41,16225,996.772
2026-10-02 20:35:41,16240,996.705
2026-10-02 20:35:41,16255,996.705
2026-10-02 20:35:41,16271,996.732
2026-10-02 20:35:41,16286,996.729
2026-10-02 20:35:41,16302,996.705
2026-10-02 20:35:41,16317,996.705
2026-10-02 20:35:41,16333,996.705
2026-10-02 20:35:41,16348,996.732
2026-10-02 20:35:41,16363,996.732
2026-10-02 20:35:41,16379,996.749
2026-10-02 20:35:41,16394,996.763
2026-10-02 20:35:41,16410,996.705
2026-10-02 20:35:41,16425,996.732
2026-10-02 20:35:41,16440,996.783
2026-10-02 20:35:41,16456,996.732
2026-10-02 20:35:41,16471,996.798
2026-10-02 20:35:41,16487,996.783
2026-10-02 20:35:41,16502,996.763
2026-10-02 20:35:41,16517,996.705
2026-10-02 20:35:41,16533,996.714
2026-10-02 20:35:41,16548,996.772
2026-10-02 20:35:41,16564,996.723
2026-10-02 20:35:41,16579,996.732
2026-10-02 20:35:41,16595,996.732
2026-10-02 20:35:41,16610,996.729
2026-10-02 20:35:41,16626,996.732
2026-10-02 20:35:41,16641,996.763
2026-10-02 20:35:41,16656,996.705
2026-10-02 20:35:41,16672,996.772
2026-10-02 20:35:41,16687,996.705
2026-10-02 20:35:41,16703,996.783
2026-10-02 20:35:41,16718,996.783
2026-10-02 20:35:41,16733,996.798
2026-10-02 20:35:41,16749,996.705
2026-10-02 20:35:41,16764,996.732
2026-10-02 20:35:41,16780,996.705
2026-10-02 20:35:41,16795,996.705
2026-10-02 20:35:41,16811,996.705
2026-10-02 20:35:41,16826,996.725
2026-10-02 20:35:41,16841,996.732
2026-10-02 20:35:41,16857,996.783
2026-10-02 20:35:41,16872,996.732
2026-10-02 20:35:41,16888,996.729
2026-10-02 20:35:41,16903,996.732
2026-10-02 20:35:41,16918,996.783
2026-10-02 20:35:41,16934,996.705
2026-10-02 20:35:41,16949,996.763
2026-10-02 20:35:41,16965,996.705
2026-10-02 20:35:41,16980,996.763
2026-10-02 20:35:41,16996,996.705
2026-10-02 20:35:41,17011,996.763
2026-10-02 20:35:42,17026,996.732
2026-10-02 20:35:42,17042,996.705
2026-10-02 20:35:42,17057,996.783
2026-10-02 20:35:42,17073,996.741
2026-10-02 20:35:42,17088,996.783
2026-10-02 20:35:42,17104,996.732
2026-10-02 20:35:42,17119,996.732
2026-10-02 20:35:42,17134,996.818
2026-10-02 20:35:42,17150,996.763
2026-10-02 20:35:42,17165,996.783
2026-10-02 20:35:42,17181,996.774
2026-10-02 20:35:42,17196,996.729
2026-10-02 20:35:42,17211,996.763
2026-10-02 20:35:42,17227,996.783
2026-10-02 20:35:42,17242,996.732
2026-10-02 20:35:42,17258,996.705
2026-10-02 20:35:42,17273,996.705
2026-10-02 20:35:42,17289,996.783
2026-10-02 20:35:42,17304,996.783
2026-10-02 20:35:42,17320,996.783
2026-10-02 20:35:42,17335,996.732
2026-10-02 20:35:42,17350,996.783
2026-10-02 20:35:42,17366,996.714
2026-10-02 20:35:42,17381,996.705
2026-10-02 20:35:42,17397,996.763
2026-10-02 20:35:42,17412,996.783
2026-10-02 20:35:42,17427,996.783
2026-10-02 20:35:42,17443,996.723
2026-10-02 20:35:42,17458,996.754
2026-10-02 20:35:42,17474,996.783
2026-10-02 20:35:42,17489,996.783
2026-10-02 20:35:42,17505,996.763
2026-10-02 20:35:42,17520,996.714
2026-10-02 20:35:42,17536,996.783
2026-10-02 20:35:42,17551,996.763
2026-10-02 20:35:42,17566,996.763
2026-10-02 20:35:42,17582,996.763
2026-10-02 20:35:42,17597,996.705
2026-10-02 20:35:42,17613,996.732
2026-10-02 20:35:42,17628,996.783
2026-10-02 20:35:42,17643,996.751
2026-10-02 20:35:42,17659,996.783
2026-10-02 20:35:42,17674,996.763
2026-10-02 20:35:42,17690,996.705
2026-10-02 20:35:42,17705,996.783
2026-10-02 20:35:42,17720,996.705
2026-10-02 20:35:42,17736,996.732
2026-10-02 20:35:42,17751,996.741
2026-10-02 20:35:42,17767,996.732
2026-10-02 20:35:42,17782,996.783
2026-10-02 20:35:42,17798,996.705
2026-10-02 20:35:42,17813,996.705
2026-10-02 20:35:42,17828,996.741
2026-10-02 20:35:42,17844,996.763
2026-10-02 20:35:42,17859,996.714
2026-10-02 20:35:42,17875,996.751
2026-10-02 20:35:42,17890,996.763
2026-10-02 20:35:42,17906,996.741
2026-10-02 20:35:42,17921,996.772
2026-10-02 20:35:42,17937,996.774
2026-10-02 20:35:42,17952,996.705
2026-10-02 20:35:42,17967,996.763
2026-10-02 20:35:42,17983,996.763
2026-10-02 20:35:42,17998,996.705
2026-10-02 20:35:42,18014,996.705
2026-10-02 20:35:43,18029,996.763
2026-10-02 20:35:43,18044,996.783
2026-10-02 20:35:43,18060,996.705
2026-10-02 20:35:43,18075,996.751
2026-10-02 20:35:43,18091,996.774
2026-10-02 20:35:43,18106,996.783
2026-10-02 20:35:43,18121,996.705
2026-10-02 20:35:43,18137,996.732
2026-10-02 20:35:43,18152,996.783
2026-10-02 20:35:43,18168,996.774
2026-10-02 20:35:43,18183,996.705
2026-10-02 20:35:43,18199,996.783
2026-10-02 20:35:43,18214,996.772
2026-10-02 20:35:43,18230,996.705
2026-10-02 20:35:43,18245,996.732
2026-10-02 20:35:43,18260,996.754
2026-10-02 20:35:43,18276,996.741
2026-10-02 20:35:43,18291,996.763
2026-10-02 20:35:43,18307,996.783
2026-10-02 20:35:43,18322,996.783
2026-10-02 20:35:43,18337,996.705
2026-10-02 20:35:43,18353,996.763
2026-10-02 20:35:43,18368,996.705
2026-10-02 20:35:43,18384,996.783
2026-10-02 20:35:43,18399,996.783
2026-10-02 20:35:43,18415,996.705
2026-10-02 20:35:43,18430,996.705
2026-10-02 20:35:43,18445,996.783
2026-10-02 20:35:43,18461,996.774
2026-10-02 20:35:43,18476,996.754
2026-10-02 20:35:43,18492,996.774
2026-10-02 20:35:43,18507,996.729
2026-10-02 20:35:43,18523,996.741
2026-10-02 20:35:43,18538,996.754
2026-10-02 20:35:43,18553,996.783
2026-10-02 20:35:43,18569,996.705
2026-10-02 20:35:43,18584,996.78
2026-10-02 20:35:43,18600,996.705
2026-10-02 20:35:43,18615,996.729
2026-10-02 20:35:43,18630,996.714
2026-10-02 20:35:43,18646,996.741
2026-10-02 20:35:43,18661,996.774
2026-10-02 20:35:43,18677,996.763
2026-10-02 20:35:43,18692,996.723
2026-10-02 20:35:43,18708,996.723
2026-10-02 20:35:43,18723,996.783
2026-10-02 20:35:43,18738,996.783
2026-10-02 20:35:43,18754,996.705
2026-10-02 20:35:43,18769,996.705
2026-10-02 20:35:43,18785,996.754
2026-10-02 20:35:43,18800,996.754
2026-10-02 20:35:43,18816,996.763
2026-10-02 20:35:43,18831,996.729
2026-10-02 20:35:43,18847,996.774
2026-10-02 20:35:43,18862,996.741
2026-10-02 20:35:43,18877,996.751
2026-10-02 20:35:43,18893,996.705
2026-10-02 20:35:43,18908,996.741
2026-10-02 20:35:43,18924,996.783
2026-10-02 20:35:43,18939,996.714
2026-10-02 20:35:43,18954,996.783
2026-10-02 20:35:43,18970,996.732
2026-10-02 20:35:43,18985,996.729
2026-10-02 20:35:43,19001,996.754
2026-10-02 20:35:43,19016,996.783
2026-10-02 20:35:44,19031,996.763
2026-10-02 20:35:44,19047,996.783
2026-10-02 20:35:44,19062,996.732
2026-10-02 20:35:44,19078,996.751
2026-10-02 20:35:44,19093,996.783
2026-10-02 20:35:44,19109,996.783
2026-10-02 20:35:44,19124,996.732
2026-10-02 20:35:44,19140,996.705
2026-10-02 20:35:44,19155,996.729
2026-10-02 20:35:44,19170,996.783
2026-10-02 20:35:44,19186,996.783
2026-10-02 20:35:44,19201,996.705
2026-10-02 20:35:44,19217,996.732
2026-10-02 20:35:44,19232,996.705
2026-10-02 20:35:44,19247,996.741
2026-10-02 20:35:44,19263,996.783
2026-10-02 20:35:44,19278,996.741
2026-10-02 20:35:44,19294,996.761
2026-10-02 20:35:44,19309,996.798
2026-10-02 20:35:44,19325,996.741
2026-10-02 20:35:44,19340,996.741
2026-10-02 20:35:44,19355,996.783
2026-10-02 20:35:44,19371,996.754
2026-10-02 20:35:44,19386,996.705
2026-10-02 20:35:44,19402,996.705
2026-10-02 20:35:44,19417,996.783
2026-10-02 20:35:44,19433,996.772
2026-10-02 20:35:44,19448,996.783
2026-10-02 20:35:44,19463,996.729
2026-10-02 20:35:44,19479,996.754
2026-10-02 20:35:44,19494,996.783
2026-10-02 20:35:44,19510,996.772
2026-10-02 20:35:44,19525,996.763
2026-10-02 20:35:44,19540,996.732
2026-10-02 20:35:44,19556,996.732
2026-10-02 20:35:44,19571,996.763
2026-10-02 20:35:44,19587,996.783
2026-10-02 20:35:44,19602,996.723
2026-10-02 20:35:44,19618,996.705
2026-10-02 20:35:44,19633,996.798
2026-10-02 20:35:44,19649,996.705
2026-10-02 20:35:44,19664,996.732
2026-10-02 20:35:44,19679,996.761
2026-10-02 20:35:44,19695,996.763
2026-10-02 20:35:44,19710,996.743
2026-10-02 20:35:44,19726,996.738
2026-10-02 20:35:44,19741,996.705
2026-10-02 20:35:44,19756,996.754
2026-10-02 20:35:44,19772,996.738
2026-10-02 20:35:44,19787,996.732
2026-10-02 20:35:44,19803,996.754
2026-10-02 20:35:44,19818,996.705
2026-10-02 20:35:44,19834,996.705
2026-10-02 20:35:44,19849,996.763
2026-10-02 20:35:44,19864,996.732
2026-10-02 20:35:44,19880,996.774
2026-10-02 20:35:44,19895,996.714
2026-10-02 20:35:44,19911,996.783
2026-10-02 20:35:44,19926,996.705
2026-10-02 20:35:44,19941,996.729
2026-10-02 20:35:44,19957,996.783
2026-10-02 20:35:44,19972,996.732
2026-10-02 20:35:44,19988,996.754
2026-10-02 20:35:44,20003,996.705
2026-10-02 20:35:44,20019,996.763
2026-10-02 20:35:45,20034,996.763
2026-10-02 20:35:45,20050,996.763
2026-10-02 20:35:45,20065,996.741
2026-10-02 20:35:45,20080,996.763
2026-10-02 20:35:45,20096,996.774
2026-10-02 20:35:45,20111,996.774
2026-10-02 20:35:45,20127,996.774
2026-10-02 20:35:45,20142,996.714
2026-10-02 20:35:45,20157,996.732
2026-10-02 20:35:45,20173,996.783
2026-10-02 20:35:45,20188,996.774
2026-10-02 20:35:45,20204,996.72
2026-10-02 20:35:45,20219,996.723
2026-10-02 20:35:45,20234,996.729
2026-10-02 20:35:45,20250,996.783
2026-10-02 20:35:45,20265,996.729
2026-10-02 20:35:45,20281,996.772
2026-10-02 20:35:45,20296,996.783
2026-10-02 20:35:45,20312,996.763
2026-10-02 20:35:45,20327,996.729
2026-10-02 20:35:45,20342,996.705
2026-10-02 20:35:45,20358,996.732
2026-10-02 20:35:45,20373,996.783
2026-10-02 20:35:45,20389,996.729
2026-10-02 20:35:45,20404,996.705
2026-10-02 20:35:45,20419,996.741
2026-10-02 20:35:45,20435,996.705
2026-10-02 20:35:45,20450,996.783
2026-10-02 20:35:45,20466,996.705
2026-10-02 20:35:45,20481,996.741
2026-10-02 20:35:45,20497,996.732
2026-10-02 20:35:45,20512,996.763
2026-10-02 20:35:45,20528,996.783
2026-10-02 20:35:45,20543,996.705
2026-10-02 20:35:45,20558,996.763
2026-10-02 20:35:45,20574,996.705
2026-10-02 20:35:45,20589,996.771
2026-10-02 20:35:45,20605,996.774
2026-10-02 20:35:45,20620,996.76
2026-10-02 20:35:45,20636,996.783
2026-10-02 20:35:45,20651,996.783
2026-10-02 20:35:45,20666,996.705
2026-10-02 20:35:45,20682,996.741
2026-10-02 20:35:45,20697,996.763
2026-10-02 20:35:45,20713,996.783
2026-10-02 20:35:45,20728,996.783
2026-10-02 20:35:45,20743,996.723
2026-10-02 20:35:45,20759,996.763
2026-10-02 20:35:45,20774,996.798
2026-10-02 20:35:45,20790,996.763
2026-10-02 20:35:45,20805,996.705
2026-10-02 20:35:45,20821,996.783
2026-10-02 20:35:45,20836,996.783
2026-10-02 20:35:45,20852,996.732
2026-10-02 20:35:45,20867,996.754
2026-10-02 20:35:45,20882,996.729
2026-10-02 20:35:45,20898,996.705
2026-10-02 20:35:45,20913,996.714
2026-10-02 20:35:45,20929,996.763
2026-10-02 20:35:45,20944,996.729
2026-10-02 20:35:45,20959,996.774
2026-10-02 20:35:45,20975,996.763
2026-10-02 20:35:45,20990,996.741
2026-10-02 20:35:45,21006,996.741
2026-10-02 20:35:46,21021,996.783
2026-10-02 20:35:46,21036,996.732
2026-10-02 20:35:46,21052,996.741
2026-10-02 20:35:46,21067,996.705
2026-10-02 20:35:46,21083,996.705
2026-10-02 20:35:46,21098,996.783
2026-10-02 20:35:46,21113,996.732
2026-10-02 20:35:46,21129,996.754
2026-10-02 20:35:46,21144,996.783
2026-10-02 20:35:46,21160,996.741
2026-10-02 20:35:46,21175,996.774
2026-10-02 20:35:46,21191,996.783
2026-10-02 20:35:46,21206,996.705
2026-10-02 20:35:46,21222,996.714
2026-10-02 20:35:46,21237,996.783
2026-10-02 20:35:46,21252,996.774
2026-10-02 20:35:46,21268,996.783
2026-10-02 20:35:46,21283,996.705
2026-10-02 20:35:46,21299,996.783
2026-10-02 20:35:46,21314,996.751
2026-10-02 20:35:46,21330,996.809
2026-10-02 20:35:46,21345,996.738
2026-10-02 20:35:46,21360,996.783
2026-10-02 20:35:46,21376,996.774
2026-10-02 20:35:46,21391,996.705
2026-10-02 20:35:46,21407,996.783
2026-10-02 20:35:46,21422,996.732
2026-10-02 20:35:46,21437,996.732
2026-10-02 20:35:46,21453,996.741
2026-10-02 20:35:46,21468,996.774
2026-10-02 20:35:46,21484,996.783
2026-10-02 20:35:46,21499,996.743
2026-10-02 20:35:46,21514,996.783
2026-10-02 20:35:46,21530,996.774
2026-10-02 20:35:46,21545,996.763
2026-10-02 20:35:46,21561,996.705
2026-10-02 20:35:46,21576,996.705
2026-10-02 20:35:46,21591,996.732
2026-10-02 20:35:46,21607,996.783
2026-10-02 20:35:46,21622,996.732
2026-10-02 20:35:46,21638,996.705
2026-10-02 20:35:46,21653,996.738
2026-10-02 20:35:46,21669,996.763
2026-10-02 20:35:46,21684,996.763
2026-10-02 20:35:46,21700,996.705
2026-10-02 20:35:46,21715,996.729
2026-10-02 20:35:46,21730,996.741
2026-10-02 20:35:46,21746,996.774
2026-10-02 20:35:46,21761,996.738
2026-10-02 20:35:46,21777,996.741
2026-10-02 20:35:46,21792,996.763
2026-10-02 20:35:46,21807,996.783
2026-10-02 20:35:46,21823,996.732
2026-10-02 20:35:46,21838,996.774
2026-10-02 20:35:46,21854,996.783
2026-10-02 20:35:46,21869,996.741
2026-10-02 20:35:46,21885,996.723
2026-10-02 20:35:46,21900,996.783
2026-10-02 20:35:46,21915,996.783
2026-10-02 20:35:46,21931,996.783
2026-10-02 20:35:46,21946,996.763
2026-10-02 20:35:46,21962,996.743
2026-10-02 20:35:46,21977,996.714
2026-10-02 20:35:46,21993,996.783
2026-10-02 20:35:46,22008,996.761
2026-10-02 20:35:46,22023,996.741
2026-10-02 20:35:47,22039,996.741
2026-10-02 20:35:47,22054,996.763
2026-10-02 20:35:47,22070,996.751
2026-10-02 20:35:47,22085,996.783
2026-10-02 20:35:47,22101,996.774
2026-10-02 20:35:47,22116,996.783
2026-10-02 20:35:47,22131,996.732
2026-10-02 20:35:47,22147,996.783
2026-10-02 20:35:47,22162,996.732
2026-10-02 20:35:47,22178,996.798
2026-10-02 20:35:47,22193,996.741
2026-10-02 20:35:47,22208,996.783
2026-10-02 20:35:47,22224,996.774
2026-10-02 20:35:47,22239,996.763
2026-10-02 20:35:47,22255,996.754
2026-10-02 20:35:47,22270,996.763
2026-10-02 20:35:47,22285,996.798
2026-10-02 20:35:47,22301,996.754
2026-10-02 20:35:47,22316,996.754
2026-10-02 20:35:47,22332,996.705
2026-10-02 20:35:47,22347,996.754
2026-10-02 20:35:47,22363,996.729
2026-10-02 20:35:47,22378,996.705
2026-10-02 20:35:47,22393,996.738
2026-10-02 20:35:47,22409,996.705
2026-10-02 20:35:47,22424,996.763
2026-10-02 20:35:47,22440,996.763
2026-10-02 20:35:47,22455,996.783
2026-10-02 20:35:47,22471,996.754
2026-10-02 20:35:47,22486,996.783
2026-10-02 20:35:47,22502,996.783
2026-10-02 20:35:47,22517,996.783
2026-10-02 20:35:47,22532,996.741
2026-10-02 20:35:47,22548,996.783
2026-10-02 20:35:47,22563,996.763
2026-10-02 20:35:47,22579,996.741
2026-10-02 20:35:47,22594,996.763
2026-10-02 20:35:47,22609,996.798
2026-10-02 20:35:47,22625,996.783
2026-10-02 20:35:47,22640,996.729
2026-10-02 20:35:47,22656,996.774
2026-10-02 20:35:47,22671,996.754
2026-10-02 20:35:47,22686,996.741
2026-10-02 20:35:47,22702,996.729
2026-10-02 20:35:47,22717,996.783
2026-10-02 20:35:47,22733,996.705
2026-10-02 20:35:47,22748,996.714
2026-10-02 20:35:47,22764,996.783
2026-10-02 20:35:47,22779,996.763
2026-10-02 20:35:47,22794,996.705
2026-10-02 20:35:47,22810,996.798
2026-10-02 20:35:47,22825,996.783
2026-10-02 20:35:47,22841,996.783
2026-10-02 20:35:47,22856,996.729
2026-10-02 20:35:47,22872,996.754
2026-10-02 20:35:47,22887,996.705
2026-10-02 20:35:47,22902,996.763
2026-10-02 20:35:47,22918,996.763
2026-10-02 20:35:47,22933,996.763
2026-10-02 20:35:47,22949,996.763
2026-10-02 20:35:47,22964,996.783
2026-10-02 20:35:47,22980,996.741
2026-10-02 20:35:47,22995,996.705
2026-10-02 20:35:47,23010,996.783
2026-10-02 20:35:48,23026,996.732
2026-10-02 20:35:48,23041,996.783
2026-10-02 20:35:48,23057,996.783
2026-10-02 20:35:48,23072,996.741
2026-10-02 20:35:48,23087,996.705
2026-10-02 20:35:48,23103,996.76
2026-10-02 20:35:48,23118,996.783
2026-10-02 20:35:48,23134,996.729
2026-10-02 20:35:48,23149,996.754
2026-10-02 20:35:48,23165,996.741
2026-10-02 20:35:48,23180,996.732
2026-10-02 20:35:48,23195,996.783
2026-10-02 20:35:48,23211,996.741
2026-10-02 20:35:48,23226,996.732
2026-10-02 20:35:48,23242,996.705
2026-10-02 20:35:48,23257,996.751
2026-10-02 20:35:48,23273,996.783
2026-10-02 20:35:48,23288,996.741
2026-10-02 20:35:48,23303,996.774
2026-10-02 20:35:48,23319,996.714
2026-10-02 20:35:48,23334,996.732
2026-10-02 20:35:48,23350,996.763
2026-10-02 20:35:48,23365,996.783
2026-10-02 20:35:48,23380,996.783
2026-10-02 20:35:48,23396,996.754
2026-10-02 20:35:48,23411,996.723
2026-10-02 20:35:48,23427,996.783
2026-10-02 20:35:48,23442,996.705
2026-10-02 20:35:48,23458,996.783
2026-10-02 20:35:48,23473,996.732
2026-10-02 20:35:48,23488,996.754
2026-10-02 20:35:48,23504,996.705
2026-10-02 20:35:48,23519,996.705
2026-10-02 20:35:48,23535,996.705
2026-10-02 20:35:48,23550,996.732
2026-10-02 20:35:48,23565,996.802
2026-10-02 20:35:48,23581,996.754
2026-10-02 20:35:48,23596,996.774
2026-10-02 20:35:48,23612,996.763
2026-10-02 20:35:48,23627,996.705
2026-10-02 20:35:48,23643,996.729
2026-10-02 20:35:48,23658,996.783
2026-10-02 20:35:48,23673,996.774
2026-10-02 20:35:48,23689,996.723
2026-10-02 20:35:48,23704,996.754
2026-10-02 20:35:48,23720,996.732
2026-10-02 20:35:48,23735,996.783
2026-10-02 20:35:48,23750,996.783
2026-10-02 20:35:48,23766,996.783
2026-10-02 20:35:48,23781,996.783
2026-10-02 20:35:48,23797,996.705
2026-10-02 20:35:48,23812,996.783
2026-10-02 20:35:48,23828,996.783
2026-10-02 20:35:48,23843,996.798
2026-10-02 20:35:48,23858,996.705
2026-10-02 20:35:48,23874,996.783
2026-10-02 20:35:48,23889,996.714
2026-10-02 20:35:48,23905,996.774
2026-10-02 20:35:48,23920,996.783
2026-10-02 20:35:48,23935,996.763
2026-10-02 20:35:48,23951,996.783
2026-10-02 20:35:48,23966,996.754
2026-10-02 20:35:48,23982,996.705
2026-10-02 20:35:48,23997,996.738
2026-10-02 20:35:48,24013,996.798
2026-10-02 20:35:49,24028,996.723
2026-10-02 20:35:49,24044,996.783
2026-10-02 20:35:49,24059,996.741
2026-10-02 20:35:49,24074,996.754
2026-10-02 20:35:49,24090,996.774
2026-10-02 20:35:49,24105,996.705
2026-10-02 20:35:49,24121,996.754
2026-10-02 20:35:49,24136,996.783
2026-10-02 20:35:49,24151,996.772
2026-10-02 20:35:49,24167,996.763
2026-10-02 20:35:49,24182,996.783
2026-10-02 20:35:49,24198,996.798
2026-10-02 20:35:49,24213,996.763
2026-10-02 20:35:49,24228,996.774
2026-10-02 20:35:49,24244,996.705
2026-10-02 20:35:49,24259,996.729
2026-10-02 20:35:49,24275,996.714
2026-10-02 20:35:49,24290,996.754
2026-10-02 20:35:49,24306,996.763
2026-10-02 20:35:49,24321,996.783
2026-10-02 20:35:49,24336,996.798
2026-10-02 20:35:49,24352,996.783
2026-10-02 20:35:49,24367,996.783
2026-10-02 20:35:49,24383,996.783
2026-10-02 20:35:49,24398,996.783
2026-10-02 20:35:49,24413,996.783
2026-10-02 20:35:49,24429,996.732
2026-10-02 20:35:49,24444,996.751
2026-10-02 20:35:49,24460,996.754
2026-10-02 20:35:49,24475,996.732
2026-10-02 20:35:49,24491,996.783
2026-10-02 20:35:49,24506,996.723
2026-10-02 20:35:49,24522,996.774
2026-10-02 20:35:49,24537,996.705
2026-10-02 20:35:49,24552,996.747
2026-10-02 20:35:49,24568,996.741
2026-10-02 20:35:49,24583,996.798
2026-10-02 20:35:49,24599,996.754
2026-10-02 20:35:49,24614,996.783
2026-10-02 20:35:49,24629,996.732
2026-10-02 20:35:49,24645,996.738
2026-10-02 20:35:49,24660,996.705
2026-10-02 20:35:49,24676,996.763
2026-10-02 20:35:49,24691,996.705
2026-10-02 20:35:49,24707,996.763
2026-10-02 20:35:49,24722,996.751
2026-10-02 20:35:49,24737,996.741
2026-10-02 20:35:49,24753,996.723
2026-10-02 20:35:49,24768,996.763
2026-10-02 20:35:49,24784,996.729
2026-10-02 20:35:49,24799,996.763
2026-10-02 20:35:49,24815,996.783
2026-10-02 20:35:49,24830,996.732
2026-10-02 20:35:49,24845,996.763
2026-10-02 20:35:49,24861,996.761
2026-10-02 20:35:49,24876,996.783
2026-10-02 20:35:49,24892,996.732
2026-10-02 20:35:49,24907,996.705
2026-10-02 20:35:49,24922,996.763
2026-10-02 20:35:49,24938,996.729
2026-10-02 20:35:49,24953,996.763
2026-10-02 20:35:49,24969,996.783
2026-10-02 20:35:49,24984,996.732
2026-10-02 20:35:49,25000,996.783
2026-10-02 20:35:49,25015,996.763
2026-10-02 20:35:50,25030,996.729
2026-10-02 20:35:50,25046,996.783
2026-10-02 20:35:50,25061,996.783
2026-10-02 20:35:50,25077,996.754
2026-10-02 20:35:50,25092,996.774
2026-10-02 20:35:50,25107,996.754
2026-10-02 20:35:50,25123,996.705
2026-10-02 20:35:50,25138,996.732
2026-10-02 20:35:50,25154,996.763
2026-10-02 20:35:50,25169,996.818
2026-10-02 20:35:50,25185,996.729
2026-10-02 20:35:50,25200,996.732
2026-10-02 20:35:50,25216,996.772
2026-10-02 20:35:50,25231,996.763
2026-10-02 20:35:50,25246,996.751
2026-10-02 20:35:50,25262,996.798
2026-10-02 20:35:50,25277,996.732
2026-10-02 20:35:50,25293,996.809
2026-10-02 20:35:50,25308,996.783
2026-10-02 20:35:50,25324,996.798
2026-10-02 20:35:50,25339,996.783
2026-10-02 20:35:50,25354,996.783
2026-10-02 20:35:50,25370,996.732
2026-10-02 20:35:50,25385,996.738
2026-10-02 20:35:50,25401,996.783
2026-10-02 20:35:50,25416,996.705
2026-10-02 20:35:50,25431,996.783
2026-10-02 20:35:50,25447,996.763
2026-10-02 20:35:50,25462,996.774
2026-10-02 20:35:50,25478,996.761
2026-10-02 20:35:50,25493,996.783
2026-10-02 20:35:50,25508,996.732
2026-10-02 20:35:50,25524,996.714
2026-10-02 20:35:50,25539,996.754
2026-10-02 20:35:50,25555,996.783
2026-10-02 20:35:50,25570,996.732
2026-10-02 20:35:50,25585,996.732
2026-10-02 20:35:50,25601,996.783
2026-10-02 20:35:50,25616,996.783
2026-10-02 20:35:50,25632,996.714
2026-10-02 20:35:50,25647,996.729
2026-10-02 20:35:50,25663,996.723
2026-10-02 20:35:50,25678,996.705
2026-10-02 20:35:50,25694,996.783
2026-10-02 20:35:50,25709,996.705
2026-10-02 20:35:50,25724,996.818
2026-10-02 20:35:50,25740,996.774
2026-10-02 20:35:50,25755,996.743
2026-10-02 20:35:50,25771,996.723
2026-10-02 20:35:50,25786,996.729
2026-10-02 20:35:50,25801,996.754
2026-10-02 20:35:50,25817,996.763
2026-10-02 20:35:50,25832,996.754
2026-10-02 20:35:50,25848,996.754
2026-10-02 20:35:50,25863,996.723
2026-10-02 20:35:50,25879,996.783
2026-10-02 20:35:50,25894,996.783
2026-10-02 20:35:50,25909,996.763
2026-10-02 20:35:50,25925,996.783
2026-10-02 20:35:50,25940,996.783
2026-10-02 20:35:50,25956,996.783
2026-10-02 20:35:50,25971,996.732
2026-10-02 20:35:50,25987,996.754
2026-10-02 20:35:50,26002,996.783
2026-10-02 20:35:50,26017,996.705
2026-10-02 20:35:51,26033,996.778
2026-10-02 20:35:51,26048,996.729
2026-10-02 20:35:51,26064,996.763
2026-10-02 20:35:51,26079,996.754
2026-10-02 20:35:51,26094,996.741
2026-10-02 20:35:51,26110,996.774
2026-10-02 20:35:51,26125,996.705
2026-10-02 20:35:51,26141,996.705
2026-10-02 20:35:51,26156,996.741
2026-10-02 20:35:51,26172,996.723
2026-10-02 20:35:51,26187,996.783
2026-10-02 20:35:51,26202,996.783
2026-10-02 20:35:51,26218,996.705
2026-10-02 20:35:51,26233,996.783
2026-10-02 20:35:51,26249,996.774
2026-10-02 20:35:51,26264,996.783
2026-10-02 20:35:51,26279,996.783
2026-10-02 20:35:51,26295,996.705
2026-10-02 20:35:51,26310,996.714
2026-10-02 20:35:51,26326,996.705
2026-10-02 20:35:51,26341,996.798
2026-10-02 20:35:51,26357,996.705
2026-10-02 20:35:51,26372,996.714
2026-10-02 20:35:51,26387,996.798
2026-10-02 20:35:51,26403,996.705
2026-10-02 20:35:51,26418,996.765
2026-10-02 20:35:51,26434,996.741
2026-10-02 20:35:51,26449,996.774
2026-10-02 20:35:51,26465,996.798
2026-10-02 20:35:51,26480,996.705
2026-10-02 20:35:51,26495,996.741
2026-10-02 20:35:51,26511,996.763
2026-10-02 20:35:51,26526,996.798
2026-10-02 20:35:51,26542,996.729
2026-10-02 20:35:51,26557,996.732
2026-10-02 20:35:51,26573,996.763
2026-10-02 20:35:51,26588,996.763
2026-10-02 20:35:51,26603,996.763
2026-10-02 20:35:51,26619,996.732
2026-10-02 20:35:51,26634,996.774
2026-10-02 20:35:51,26650,996.761
2026-10-02 20:35:51,26665,996.763
2026-10-02 20:35:51,26680,996.705
2026-10-02 20:35:51,26696,996.705
2026-10-02 20:35:51,26711,996.783
2026-10-02 20:35:51,26727,996.732
2026-10-02 20:35:51,26742,996.705
2026-10-02 20:35:51,26757,996.763
2026-10-02 20:35:51,26773,996.774
2026-10-02 20:35:51,26788,996.783
2026-10-02 20:35:51,26804,996.732
2026-10-02 20:35:51,26819,996.732
2026-10-02 20:35:51,26835,996.774
2026-10-02 20:35:51,26850,996.818
2026-10-02 20:35:51,26866,996.763
2026-10-02 20:35:51,26881,996.732
2026-10-02 20:35:51,26896,996.763
2026-10-02 20:35:51,26912,996.741
2026-10-02 20:35:51,26927,996.774
2026-10-02 20:35:51,26943,996.763
2026-10-02 20:35:51,26958,996.763
2026-10-02 20:35:51,26973,996.729
2026-10-02 20:35:51,26989,996.743
2026-10-02 20:35:51,27004,996.741
2026-10-02 20:35:51,27020,996.714
2026-10-02 20:35:52,27035,996.705
2026-10-02 20:35:52,27051,996.732
2026-10-02 20:35:52,27066,996.732
2026-10-02 20:35:52,27081,996.751
2026-10-02 20:35:52,27097,996.729
2026-10-02 20:35:52,27112,996.783
2026-10-02 20:35:52,27128,996.741
2026-10-02 20:35:52,27143,996.783
2026-10-02 20:35:52,27159,996.763
2026-10-02 20:35:52,27174,996.783
2026-10-02 20:35:52,27189,996.723
2026-10-02 20:35:52,27205,996.754
2026-10-02 20:35:52,27220,996.783
2026-10-02 20:35:52,27236,996.705
2026-10-02 20:35:52,27251,996.783
2026-10-02 20:35:52,27266,996.705
2026-10-02 20:35:52,27282,996.783
2026-10-02 20:35:52,27297,996.783
2026-10-02 20:35:52,27313,996.783
2026-10-02 20:35:52,27328,996.798
2026-10-02 20:35:52,27344,996.783
2026-10-02 20:35:52,27359,996.772
2026-10-02 20:35:52,27374,996.714
2026-10-02 20:35:52,27390,996.754
2026-10-02 20:35:52,27405,996.751
2026-10-02 20:35:52,27421,996.783
2026-10-02 20:35:52,27436,996.783
2026-10-02 20:35:52,27452,996.807
2026-10-02 20:35:52,27467,996.729
2026-10-02 20:35:52,27482,996.818
2026-10-02 20:35:52,27498,996.763
2026-10-02 20:35:52,27513,996.725
2026-10-02 20:35:52,27529,996.774
2026-10-02 20:35:52,27544,996.732
2026-10-02 20:35:52,27559,996.783
2026-10-02 20:35:52,27575,996.705
2026-10-02 20:35:52,27590,996.714
2026-10-02 20:35:52,27606,996.754
2026-10-02 20:35:52,27621,996.732
2026-10-02 20:35:52,27637,996.738
2026-10-02 20:35:52,27652,996.732
2026-10-02 20:35:52,27668,996.741
2026-10-02 20:35:52,27683,996.783
2026-10-02 20:35:52,27698,996.783
2026-10-02 20:35:52,27714,996.723
2026-10-02 20:35:52,27729,996.783
2026-10-02 20:35:52,27745,996.732
2026-10-02 20:35:52,27760,996.751
2026-10-02 20:35:52,27775,996.783
2026-10-02 20:35:52,27791,996.714
2026-10-02 20:35:52,27806,996.705
2026-10-02 20:35:52,27822,996.741
2026-10-02 20:35:52,27837,996.798
2026-10-02 20:35:52,27852,996.732
2026-10-02 20:35:52,27868,996.783
2026-10-02 20:35:52,27883,996.772
2026-10-02 20:35:52,27899,996.705
2026-10-02 20:35:52,27914,996.741
2026-10-02 20:35:52,27930,996.729
2026-10-02 20:35:52,27945,996.754
2026-10-02 20:35:52,27960,996.754
2026-10-02 20:35:52,27976,996.763
2026-10-02 20:35:52,27991,996.763
2026-10-02 20:35:52,28007,996.754
2026-10-02 20:35:52,28022,996.783
2026-10-02 20:35:53,28038,996.754
2026-10-02 20:35:53,28053,996.783
2026-10-02 20:35:53,28068,996.774
2026-10-02 20:35:53,28084,996.783
2026-10-02 20:35:53,28099,996.763
2026-10-02 20:35:53,28115,996.723
2026-10-02 20:35:53,28130,996.732
2026-10-02 20:35:53,28145,996.783
2026-10-02 20:35:53,28161,996.774
2026-10-02 20:35:53,28176,996.705
2026-10-02 20:35:53,28192,996.783
2026-10-02 20:35:53,28207,996.783
2026-10-02 20:35:53,28223,996.774
2026-10-02 20:35:53,28238,996.705
2026-10-02 20:35:53,28253,996.783
2026-10-02 20:35:53,28269,996.774
2026-10-02 20:35:53,28284,996.741
2026-10-02 20:35:53,28300,996.783
2026-10-02 20:35:53,28315,996.802
2026-10-02 20:35:53,28331,996.741
2026-10-02 20:35:53,28346,996.705
2026-10-02 20:35:53,28361,996.732
2026-10-02 20:35:53,28377,996.763
2026-10-02 20:35:53,28392,996.798
2026-10-02 20:35:53,28408,996.729
2026-10-02 20:35:53,28423,996.774
2026-10-02 20:35:53,28438,996.754
2026-10-02 20:35:53,28454,996.783
2026-10-02 20:35:53,28469,996.798
2026-10-02 20:35:53,28485,996.761
2026-10-02 20:35:53,28500,996.774
2026-10-02 20:35:53,28516,996.783
2026-10-02 20:35:53,28531,996.783
2026-10-02 20:35:53,28546,996.732
2026-10-02 20:35:53,28562,996.754
2026-10-02 20:35:53,28577,996.723
2026-10-02 20:35:53,28593,996.763
2026-10-02 20:35:53,28608,996.754
2026-10-02 20:35:53,28624,996.783
2026-10-02 20:35:53,28639,996.732
2026-10-02 20:35:53,28654,996.754
2026-10-02 20:35:53,28670,996.783
2026-10-02 20:35:53,28685,996.783
2026-10-02 20:35:53,28701,996.783
2026-10-02 20:35:53,28716,996.763
2026-10-02 20:35:53,28731,996.774
2026-10-02 20:35:53,28747,996.783
2026-10-02 20:35:53,28762,996.783
2026-10-02 20:35:53,28778,996.741
2026-10-02 20:35:53,28793,996.783
2026-10-02 20:35:53,28809,996.732
2026-10-02 20:35:53,28824,996.738
2026-10-02 20:35:53,28839,996.705
2026-10-02 20:35:53,28855,996.783
2026-10-02 20:35:53,28870,996.754
2026-10-02 20:35:53,28886,996.705
2026-10-02 20:35:53,28901,996.732
2026-10-02 20:35:53,28917,996.774
2026-10-02 20:35:53,28932,996.774
2026-10-02 20:35:53,28947,996.783
2026-10-02 20:35:53,28963,996.763
2026-10-02 20:35:53,28978,996.729
2026-10-02 20:35:53,28994,996.783
2026-10-02 20:35:53,29009,996.738
2026-10-02 20:35:54,29024,996.809
2026-10-02 20:35:54,29040,996.783
2026-10-02 20:35:54,29055,996.754
2026-10-02 20:35:54,29071,996.738
2026-10-02 20:35:54,29086,996.818
2026-10-02 20:35:54,29102,996.807
2026-10-02 20:35:54,29117,996.705
2026-10-02 20:35:54,29132,996.783
2026-10-02 20:35:54,29148,996.741
2026-10-02 20:35:54,29163,996.732
2026-10-02 20:35:54,29179,996.783
2026-10-02 20:35:54,29194,996.783
2026-10-02 20:35:54,29210,996.754
2026-10-02 20:35:54,29225,996.774
2026-10-02 20:35:54,29240,996.783
2026-10-02 20:35:54,29256,996.807
2026-10-02 20:35:54,29271,996.732
2026-10-02 20:35:54,29287,996.732
2026-10-02 20:35:54,29302,996.732
2026-10-02 20:35:54,29317,996.732
2026-10-02 20:35:54,29333,996.783
2026-10-02 20:35:54,29348,996.783
2026-10-02 20:35:54,29364,996.798
2026-10-02 20:35:54,29379,996.774
2026-10-02 20:35:54,29395,996.783
2026-10-02 20:35:54,29410,996.783
2026-10-02 20:35:54,29426,996.741
2026-10-02 20:35:54,29441,996.763
2026-10-02 20:35:54,29456,996.783
2026-10-02 20:35:54,29472,996.705
2026-10-02 20:35:54,29487,996.732
2026-10-02 20:35:54,29503,996.732
2026-10-02 20:35:54,29518,996.774
2026-10-02 20:35:54,29533,996.783
2026-10-02 20:35:54,29549,996.798
2026-10-02 20:35:54,29564,996.78
2026-10-02 20:35:54,29580,996.705
2026-10-02 20:35:54,29595,996.798
2026-10-02 20:35:54,29610,996.783
2026-10-02 20:35:54,29626,996.783
2026-10-02 20:35:54,29641,996.802
2026-10-02 20:35:54,29657,996.783
2026-10-02 20:35:54,29672,996.754
2026-10-02 20:35:54,29688,996.774
2026-10-02 20:35:54,29703,996.783
2026-10-02 20:35:54,29719,996.754
2026-10-02 20:35:54,29734,996.783
2026-10-02 20:35:54,29749,996.732
2026-10-02 20:35:54,29765,996.774
2026-10-02 20:35:54,29780,996.732
2026-10-02 20:35:54,29796,996.751
2026-10-02 20:35:54,29811,996.741
2026-10-02 20:35:54,29826,996.705
2026-10-02 20:35:54,29842,996.818
2026-10-02 20:35:54,29857,996.798
2026-10-02 20:35:54,29873,996.774
2026-10-02 20:35:54,29888,996.705
2026-10-02 20:35:54,29903,996.705
2026-10-02 20:35:54,29919,996.774
2026-10-02 20:35:54,29934,996.763
2026-10-02 20:35:54,29950,996.774
2026-10-02 20:35:54,29965,996.732
2026-10-02 20:35:54,29981,996.774
2026-10-02 20:35:54,29996,996.774
2026-10-02 20:35:54,30012,996.792
2026-10-02 20:35:55,30027,996.783
2026-10-02 20:35:55,30042,996.763
2026-10-02 20:35:55,30058,996.732
2026-10-02 20:35:55,30073,996.783
2026-10-02 20:35:55,30089,996.754
2026-10-02 20:35:55,30104,996.763
2026-10-02 20:35:55,30119,996.783
2026-10-02 20:35:55,30135,996.754
2026-10-02 20:35:55,30150,996.763
2026-10-02 20:35:55,30166,996.754
2026-10-02 20:35:55,30181,996.705
2026-10-02 20:35:55,30197,996.774
2026-10-02 20:35:55,30212,996.818
2026-10-02 20:35:55,30227,996.783
2026-10-02 20:35:55,30243,996.798
2026-10-02 20:35:55,30258,996.783
2026-10-02 20:35:55,30274,996.763
2026-10-02 20:35:55,30289,996.783
2026-10-02 20:35:55,30304,996.705
2026-10-02 20:35:55,30320,996.783
2026-10-02 20:35:55,30335,996.763
2026-10-02 20:35:55,30351,996.732
2026-10-02 20:35:55,30366,996.783
2026-10-02 20:35:55,30382,996.705
